BLOCK,DELTA,AGE,TYPE,TREATMENT
1,10,67,MANAGED,CC
1,50,40,MANAGED,CC
1,90,40,MANAGED,CC
1,120,30,MANAGED,CC
1,170,50,MANAGED,CC
1,220,50,MANAGED,CC
1,260,40,MANAGED,CC
2,10,67,MANAGED,CC
2,66,56,MANAGED,CC
2,120,54,MANAGED,CC
2,180,60,MANAGED,CC
2,236,56,MANAGED,CC
2,290,54,MANAGED,CC
3,50,87,MANAGED,CC
3,140,90,MANAGED,CC
3,230,90,MANAGED,CC
4,10,67,MANAGED,CC
4,70,60,MANAGED,CC
4,130,60,MANAGED,CC
4,190,60,MANAGED,CC
4,250,60,MANAGED,CC
5,10,57,MANAGED,CC
5,50,40,MANAGED,CC
5,90,40,MANAGED,CC
5,120,30,MANAGED,CC
5,170,50,MANAGED,CC
5,220,50,MANAGED,CC
5,260,40,MANAGED,CC
6,10,97,MANAGED,CC
6,100,90,MANAGED,CC
6,190,90,MANAGED,CC
6,280,90,MANAGED,CC
7,44,101,MANAGED,CC
7,144,100,MANAGED,CC
7,244,100,MANAGED,CC
8,2,279,MANAGED,CC
8,64,62,MANAGED,CC
8,130,66,MANAGED,CC
8,198,68,MANAGED,CC
8,260,62,MANAGED,CC
9,10,67,MANAGED,CC
9,70,60,MANAGED,CC
9,130,60,MANAGED,CC
9,190,60,MANAGED,CC
9,250,60,MANAGED,CC
10,8,315,MANAGED,CC
10,70,62,MANAGED,CC
10,140,70,MANAGED,CC
10,208,68,MANAGED,CC
10,270,62,MANAGED,CC
11,20,77,MANAGED,CC
11,80,60,MANAGED,CC
11,140,60,MANAGED,CC
11,200,60,MANAGED,CC
11,260,60,MANAGED,CC
12,40,87,MANAGED,CC
12,100,60,MANAGED,CC
12,160,60,MANAGED,CC
12,220,60,MANAGED,CC
12,280,60,MANAGED,CC
13,40,87,MANAGED,CC
13,100,60,MANAGED,CC
13,160,60,MANAGED,CC
13,220,60,MANAGED,CC
13,280,60,MANAGED,CC
14,34,81,MANAGED,CC
14,94,60,MANAGED,CC
14,154,60,MANAGED,CC
14,214,60,MANAGED,CC
14,274,60,MANAGED,CC
15,10,137,MANAGED,CC
15,90,80,MANAGED,CC
15,170,80,MANAGED,CC
15,250,80,MANAGED,CC
16,8,135,MANAGED,CC
16,70,62,MANAGED,CC
16,140,70,MANAGED,CC
16,208,68,MANAGED,CC
16,270,62,MANAGED,CC
17,20,87,MANAGED,CC
17,90,70,MANAGED,CC
17,150,60,MANAGED,CC
17,210,60,MANAGED,CC
17,270,60,MANAGED,CC
18,8,415,MANAGED,CC
18,70,62,MANAGED,CC
18,140,70,MANAGED,CC
18,208,68,MANAGED,CC
18,270,62,MANAGED,CC
19,8,135,MANAGED,CC
19,90,82,MANAGED,CC
19,178,88,MANAGED,CC
19,260,82,MANAGED,CC
20,10,57,MANAGED,CC
20,66,56,MANAGED,CC
20,120,54,MANAGED,CC
20,180,60,MANAGED,CC
20,236,56,MANAGED,CC
20,290,54,MANAGED,CC
21,10,77,MANAGED,CC
21,70,60,MANAGED,CC
21,130,60,MANAGED,CC
21,190,60,MANAGED,CC
21,250,60,MANAGED,CC
22,10,67,MANAGED,CC
22,66,56,MANAGED,CC
22,120,54,MANAGED,CC
22,180,60,MANAGED,CC
22,236,56,MANAGED,CC
22,290,54,MANAGED,CC
23,4,131,MANAGED,CC
23,70,66,MANAGED,CC
23,130,60,MANAGED,CC
23,190,60,MANAGED,CC
23,250,60,MANAGED,CC
24,10,287,MANAGED,CC
24,90,80,MANAGED,CC
24,170,80,MANAGED,CC
24,250,80,MANAGED,CC
25,10,67,MANAGED,CC
25,70,60,MANAGED,CC
25,130,60,MANAGED,CC
25,190,60,MANAGED,CC
25,250,60,MANAGED,CC
26,30,77,MANAGED,CC
26,90,60,MANAGED,CC
26,150,60,MANAGED,CC
26,210,60,MANAGED,CC
26,270,60,MANAGED,CC
27,4,211,MANAGED,CC
27,90,86,MANAGED,CC
27,160,70,MANAGED,CC
27,230,70,MANAGED,CC
27,298,68,MANAGED,CC
28,10,67,MANAGED,CC
28,70,60,MANAGED,CC
28,130,60,MANAGED,CC
28,190,60,MANAGED,CC
28,250,60,MANAGED,CC
29,20,77,MANAGED,CC
29,80,60,MANAGED,CC
29,140,60,MANAGED,CC
29,200,60,MANAGED,CC
29,260,60,MANAGED,CC
30,4,111,MANAGED,CC
30,90,86,MANAGED,CC
30,170,80,MANAGED,CC
30,250,80,MANAGED,CC
31,8,365,MANAGED,CC
31,70,62,MANAGED,CC
31,140,70,MANAGED,CC
31,208,68,MANAGED,CC
31,270,62,MANAGED,CC
32,8,285,MANAGED,CC
32,70,62,MANAGED,CC
32,140,70,MANAGED,CC
32,208,68,MANAGED,CC
32,270,62,MANAGED,CC
33,4,131,MANAGED,CC
33,100,96,MANAGED,CC
33,194,94,MANAGED,CC
33,288,94,MANAGED,CC
34,4,241,MANAGED,CC
34,100,96,MANAGED,CC
34,190,90,MANAGED,CC
34,280,90,MANAGED,CC
35,10,67,MANAGED,CC
35,70,60,MANAGED,CC
35,130,60,MANAGED,CC
35,190,60,MANAGED,CC
35,250,60,MANAGED,CC
36,30,77,MANAGED,CC
36,100,70,MANAGED,CC
36,160,60,MANAGED,CC
36,220,60,MANAGED,CC
36,280,60,MANAGED,CC
37,8,135,MANAGED,CC
37,90,82,MANAGED,CC
37,178,88,MANAGED,CC
37,260,82,MANAGED,CC
38,8,415,MANAGED,CC
38,70,62,MANAGED,CC
38,140,70,MANAGED,CC
38,208,68,MANAGED,CC
38,270,62,MANAGED,CC
39,30,77,MANAGED,CC
39,98,68,MANAGED,CC
39,160,62,MANAGED,CC
39,228,68,MANAGED,CC
39,290,62,MANAGED,CC
40,10,247,MANAGED,CC
40,100,90,MANAGED,CC
40,190,90,MANAGED,CC
40,280,90,MANAGED,CC
41,10,67,MANAGED,CC
41,70,60,MANAGED,CC
41,130,60,MANAGED,CC
41,190,60,MANAGED,CC
41,250,60,MANAGED,CC
42,10,137,MANAGED,CC
42,70,60,MANAGED,CC
42,130,60,MANAGED,CC
42,190,60,MANAGED,CC
42,250,60,MANAGED,CC
43,50,97,MANAGED,CC
43,146,96,MANAGED,CC
43,240,94,MANAGED,CC
44,10,67,MANAGED,CC
44,70,60,MANAGED,CC
44,130,60,MANAGED,CC
44,190,60,MANAGED,CC
44,250,60,MANAGED,CC
45,10,117,MANAGED,CC
45,70,60,MANAGED,CC
45,130,60,MANAGED,CC
45,190,60,MANAGED,CC
45,250,60,MANAGED,CC
46,10,247,MANAGED,CC
46,100,90,MANAGED,CC
46,190,90,MANAGED,CC
46,280,90,MANAGED,CC
47,10,87,MANAGED,CC
47,70,60,MANAGED,CC
47,130,60,MANAGED,CC
47,190,60,MANAGED,CC
47,250,60,MANAGED,CC
48,10,53,MANAGED,CC
48,50,40,MANAGED,CC
48,90,40,MANAGED,CC
48,120,30,MANAGED,CC
48,170,50,MANAGED,CC
48,220,50,MANAGED,CC
48,270,50,MANAGED,CC
49,50,97,MANAGED,CC
49,145,95,MANAGED,CC
49,240,95,MANAGED,CC
50,4,241,MANAGED,CC
50,100,96,MANAGED,CC
50,190,90,MANAGED,CC
50,280,90,MANAGED,CC
51,4,107,MANAGED,CC
51,90,86,MANAGED,CC
51,170,80,MANAGED,CC
51,250,80,MANAGED,CC
52,2,405,MANAGED,CC
52,64,62,MANAGED,CC
52,130,66,MANAGED,CC
52,198,68,MANAGED,CC
52,260,62,MANAGED,CC
53,2,179,MANAGED,CC
53,64,62,MANAGED,CC
53,130,66,MANAGED,CC
53,198,68,MANAGED,CC
53,260,62,MANAGED,CC
54,10,57,MANAGED,CC
54,50,40,MANAGED,CC
54,80,30,MANAGED,CC
54,120,40,MANAGED,CC
54,170,50,MANAGED,CC
54,220,50,MANAGED,CC
54,260,40,MANAGED,CC
55,8,285,MANAGED,CC
55,70,62,MANAGED,CC
55,140,70,MANAGED,CC
55,208,68,MANAGED,CC
55,270,62,MANAGED,CC
56,10,57,MANAGED,CC
56,50,40,MANAGED,CC
56,90,40,MANAGED,CC
56,120,30,MANAGED,CC
56,170,50,MANAGED,CC
56,220,50,MANAGED,CC
56,260,40,MANAGED,CC
57,50,97,MANAGED,CC
57,150,100,MANAGED,CC
57,250,100,MANAGED,CC
58,8,245,MANAGED,CC
58,70,62,MANAGED,CC
58,140,70,MANAGED,CC
58,208,68,MANAGED,CC
58,270,62,MANAGED,CC
59,8,365,MANAGED,CC
59,70,62,MANAGED,CC
59,140,70,MANAGED,CC
59,208,68,MANAGED,CC
59,270,62,MANAGED,CC
60,10,317,MANAGED,CC
60,80,70,MANAGED,CC
60,150,70,MANAGED,CC
60,220,70,MANAGED,CC
60,290,70,MANAGED,CC
61,4,111,MANAGED,CC
61,80,76,MANAGED,CC
61,140,60,MANAGED,CC
61,200,60,MANAGED,CC
61,260,60,MANAGED,CC
62,30,77,MANAGED,CC
62,100,70,MANAGED,CC
62,160,60,MANAGED,CC
62,220,60,MANAGED,CC
62,280,60,MANAGED,CC
63,20,67,MANAGED,CC
63,80,60,MANAGED,CC
63,140,60,MANAGED,CC
63,200,60,MANAGED,CC
63,260,60,MANAGED,CC
64,8,245,MANAGED,CC
64,70,62,MANAGED,CC
64,140,70,MANAGED,CC
64,208,68,MANAGED,CC
64,270,62,MANAGED,CC
65,4,361,MANAGED,CC
65,70,66,MANAGED,CC
65,140,70,MANAGED,CC
65,208,68,MANAGED,CC
65,270,62,MANAGED,CC
66,10,67,MANAGED,CC
66,70,60,MANAGED,CC
66,130,60,MANAGED,CC
66,190,60,MANAGED,CC
66,250,60,MANAGED,CC
67,30,77,MANAGED,CC
67,100,70,MANAGED,CC
67,160,60,MANAGED,CC
67,220,60,MANAGED,CC
67,280,60,MANAGED,CC
68,10,67,MANAGED,CC
68,70,60,MANAGED,CC
68,130,60,MANAGED,CC
68,190,60,MANAGED,CC
68,250,60,MANAGED,CC
69,30,77,MANAGED,CC
69,90,60,MANAGED,CC
69,150,60,MANAGED,CC
69,210,60,MANAGED,CC
69,270,60,MANAGED,CC
70,8,135,MANAGED,CC
70,70,62,MANAGED,CC
70,140,70,MANAGED,CC
70,208,68,MANAGED,CC
70,270,62,MANAGED,CC
71,10,137,MANAGED,CC
71,90,80,MANAGED,CC
71,170,80,MANAGED,CC
71,250,80,MANAGED,CC
72,10,111,MANAGED,CC
72,70,60,MANAGED,CC
72,130,60,MANAGED,CC
72,190,60,MANAGED,CC
72,250,60,MANAGED,CC
73,10,271,MANAGED,CC
73,106,96,MANAGED,CC
73,200,94,MANAGED,CC
73,295,95,MANAGED,CC
74,20,77,MANAGED,CC
74,80,60,MANAGED,CC
74,140,60,MANAGED,CC
74,200,60,MANAGED,CC
74,260,60,MANAGED,CC
75,30,77,MANAGED,CC
75,98,68,MANAGED,CC
75,160,62,MANAGED,CC
75,228,68,MANAGED,CC
75,290,62,MANAGED,CC
76,10,247,MANAGED,CC
76,70,60,MANAGED,CC
76,130,60,MANAGED,CC
76,190,60,MANAGED,CC
76,250,60,MANAGED,CC
77,10,67,MANAGED,CC
77,70,60,MANAGED,CC
77,130,60,MANAGED,CC
77,190,60,MANAGED,CC
77,250,60,MANAGED,CC
78,40,87,MANAGED,CC
78,100,60,MANAGED,CC
78,160,60,MANAGED,CC
78,220,60,MANAGED,CC
78,280,60,MANAGED,CC
79,10,187,MANAGED,CC
79,90,80,MANAGED,CC
79,170,80,MANAGED,CC
79,250,80,MANAGED,CC
80,10,137,MANAGED,CC
80,77,67,MANAGED,CC
80,140,63,MANAGED,CC
80,208,68,MANAGED,CC
80,270,62,MANAGED,CC
81,2,309,MANAGED,CC
81,64,62,MANAGED,CC
81,130,66,MANAGED,CC
81,198,68,MANAGED,CC
81,260,62,MANAGED,CC
82,40,97,MANAGED,CC
82,120,80,MANAGED,CC
82,200,80,MANAGED,CC
82,280,80,MANAGED,CC
83,8,85,MANAGED,CC
83,90,82,MANAGED,CC
83,178,88,MANAGED,CC
83,260,82,MANAGED,CC
84,20,77,MANAGED,CC
84,80,60,MANAGED,CC
84,140,60,MANAGED,CC
84,200,60,MANAGED,CC
84,260,60,MANAGED,CC
85,10,67,MANAGED,CC
85,70,60,MANAGED,CC
85,130,60,MANAGED,CC
85,190,60,MANAGED,CC
85,250,60,MANAGED,CC
86,10,107,MANAGED,CC
86,100,90,MANAGED,CC
86,190,90,MANAGED,CC
86,280,90,MANAGED,CC
87,10,67,MANAGED,CC
87,70,60,MANAGED,CC
87,130,60,MANAGED,CC
87,190,60,MANAGED,CC
87,250,60,MANAGED,CC
88,4,311,MANAGED,CC
88,80,76,MANAGED,CC
88,160,80,MANAGED,CC
88,240,80,MANAGED,CC
89,10,117,MANAGED,CC
89,80,70,MANAGED,CC
89,140,60,MANAGED,CC
89,200,60,MANAGED,CC
89,260,60,MANAGED,CC
90,10,67,MANAGED,CC
90,70,60,MANAGED,CC
90,130,60,MANAGED,CC
90,190,60,MANAGED,CC
90,250,60,MANAGED,CC
91,50,97,MANAGED,CC
91,145,95,MANAGED,CC
91,240,95,MANAGED,CC
92,10,247,MANAGED,CC
92,80,70,MANAGED,CC
92,150,70,MANAGED,CC
92,220,70,MANAGED,CC
92,290,70,MANAGED,CC
93,8,245,MANAGED,CC
93,70,62,MANAGED,CC
93,140,70,MANAGED,CC
93,208,68,MANAGED,CC
93,270,62,MANAGED,CC
94,2,309,MANAGED,CC
94,64,62,MANAGED,CC
94,130,66,MANAGED,CC
94,198,68,MANAGED,CC
94,260,62,MANAGED,CC
95,10,67,MANAGED,CC
95,70,60,MANAGED,CC
95,130,60,MANAGED,CC
95,190,60,MANAGED,CC
95,250,60,MANAGED,CC
96,10,57,MANAGED,CC
96,66,56,MANAGED,CC
96,120,54,MANAGED,CC
96,180,60,MANAGED,CC
96,236,56,MANAGED,CC
96,290,54,MANAGED,CC
97,20,77,MANAGED,CC
97,80,60,MANAGED,CC
97,140,60,MANAGED,CC
97,200,60,MANAGED,CC
97,260,60,MANAGED,CC
98,10,247,MANAGED,CC
98,100,90,MANAGED,CC
98,190,90,MANAGED,CC
98,280,90,MANAGED,CC
99,8,115,MANAGED,CC
99,90,82,MANAGED,CC
99,178,88,MANAGED,CC
99,260,82,MANAGED,CC
100,4,361,MANAGED,CC
100,80,76,MANAGED,CC
100,160,80,MANAGED,CC
100,240,80,MANAGED,CC
101,30,77,MANAGED,CC
101,90,60,MANAGED,CC
101,150,60,MANAGED,CC
101,210,60,MANAGED,CC
101,270,60,MANAGED,CC
102,20,67,MANAGED,CC
102,80,60,MANAGED,CC
102,140,60,MANAGED,CC
102,200,60,MANAGED,CC
102,260,60,MANAGED,CC
103,4,241,MANAGED,CC
103,70,66,MANAGED,CC
103,140,70,MANAGED,CC
103,208,68,MANAGED,CC
103,270,62,MANAGED,CC
104,2,239,MANAGED,CC
104,68,66,MANAGED,CC
104,134,66,MANAGED,CC
104,200,66,MANAGED,CC
104,270,70,MANAGED,CC
105,4,61,MANAGED,CC
105,50,46,MANAGED,CC
105,110,60,MANAGED,CC
105,150,40,MANAGED,CC
105,180,30,MANAGED,CC
105,230,50,MANAGED,CC
105,270,40,MANAGED,CC
106,8,73,MANAGED,CC
106,70,62,MANAGED,CC
106,140,70,MANAGED,CC
106,208,68,MANAGED,CC
106,270,62,MANAGED,CC
107,8,365,MANAGED,CC
107,70,62,MANAGED,CC
107,140,70,MANAGED,CC
107,208,68,MANAGED,CC
107,270,62,MANAGED,CC
108,40,87,MANAGED,CC
108,100,60,MANAGED,CC
108,160,60,MANAGED,CC
108,220,60,MANAGED,CC
108,280,60,MANAGED,CC
109,20,77,MANAGED,CC
109,80,60,MANAGED,CC
109,140,60,MANAGED,CC
109,200,60,MANAGED,CC
109,260,60,MANAGED,CC
110,10,77,MANAGED,CC
110,70,60,MANAGED,CC
110,130,60,MANAGED,CC
110,190,60,MANAGED,CC
110,250,60,MANAGED,CC
111,10,317,MANAGED,CC
111,77,67,MANAGED,CC
111,140,63,MANAGED,CC
111,207,67,MANAGED,CC
111,270,63,MANAGED,CC
112,40,87,MANAGED,CC
112,100,60,MANAGED,CC
112,160,60,MANAGED,CC
112,220,60,MANAGED,CC
112,280,60,MANAGED,CC
113,10,57,MANAGED,CC
113,66,56,MANAGED,CC
113,120,54,MANAGED,CC
113,180,60,MANAGED,CC
113,236,56,MANAGED,CC
113,290,54,MANAGED,CC
114,40,87,MANAGED,CC
114,100,60,MANAGED,CC
114,160,60,MANAGED,CC
114,220,60,MANAGED,CC
114,280,60,MANAGED,CC
115,30,67,MANAGED,CC
115,98,68,MANAGED,CC
115,160,62,MANAGED,CC
115,228,68,MANAGED,CC
115,290,62,MANAGED,CC
116,8,115,MANAGED,CC
116,90,82,MANAGED,CC
116,178,88,MANAGED,CC
116,260,82,MANAGED,CC
117,10,317,MANAGED,CC
117,100,90,MANAGED,CC
117,190,90,MANAGED,CC
117,280,90,MANAGED,CC
118,8,285,MANAGED,CC
118,70,62,MANAGED,CC
118,140,70,MANAGED,CC
118,208,68,MANAGED,CC
118,270,62,MANAGED,CC
119,20,77,MANAGED,CC
119,80,60,MANAGED,CC
119,140,60,MANAGED,CC
119,200,60,MANAGED,CC
119,260,60,MANAGED,CC
120,20,77,MANAGED,CC
120,90,70,MANAGED,CC
120,150,60,MANAGED,CC
120,210,60,MANAGED,CC
120,270,60,MANAGED,CC
121,10,67,MANAGED,CC
121,50,40,MANAGED,CC
121,90,40,MANAGED,CC
121,120,30,MANAGED,CC
121,170,50,MANAGED,CC
121,220,50,MANAGED,CC
121,260,40,MANAGED,CC
122,10,137,MANAGED,CC
122,90,80,MANAGED,CC
122,170,80,MANAGED,CC
122,250,80,MANAGED,CC
123,30,77,MANAGED,CC
123,90,60,MANAGED,CC
123,150,60,MANAGED,CC
123,210,60,MANAGED,CC
123,270,60,MANAGED,CC
124,4,461,MANAGED,CC
124,70,66,MANAGED,CC
124,140,70,MANAGED,CC
124,208,68,MANAGED,CC
124,270,62,MANAGED,CC
125,8,115,MANAGED,CC
125,90,82,MANAGED,CC
125,178,88,MANAGED,CC
125,260,82,MANAGED,CC
126,40,87,MANAGED,CC
126,120,80,MANAGED,CC
126,200,80,MANAGED,CC
126,280,80,MANAGED,CC
127,10,57,MANAGED,CC
127,66,56,MANAGED,CC
127,120,54,MANAGED,CC
127,180,60,MANAGED,CC
127,236,56,MANAGED,CC
127,290,54,MANAGED,CC
128,20,77,MANAGED,CC
128,80,60,MANAGED,CC
128,140,60,MANAGED,CC
128,200,60,MANAGED,CC
128,260,60,MANAGED,CC
129,10,137,MANAGED,CC
129,106,96,MANAGED,CC
129,200,94,MANAGED,CC
129,295,95,MANAGED,CC
130,10,207,MANAGED,CC
130,106,96,MANAGED,CC
130,200,94,MANAGED,CC
130,295,95,MANAGED,CC
131,8,245,MANAGED,CC
131,90,82,MANAGED,CC
131,178,88,MANAGED,CC
131,260,82,MANAGED,CC
132,4,111,MANAGED,CC
132,70,66,MANAGED,CC
132,130,60,MANAGED,CC
132,190,60,MANAGED,CC
132,250,60,MANAGED,CC
133,10,67,MANAGED,CC
133,50,40,MANAGED,CC
133,90,40,MANAGED,CC
133,120,30,MANAGED,CC
133,170,50,MANAGED,CC
133,220,50,MANAGED,CC
133,270,50,MANAGED,CC
134,40,87,MANAGED,CC
134,100,60,MANAGED,CC
134,160,60,MANAGED,CC
134,220,60,MANAGED,CC
134,280,60,MANAGED,CC
135,10,67,MANAGED,CC
135,66,56,MANAGED,CC
135,120,54,MANAGED,CC
135,180,60,MANAGED,CC
135,236,56,MANAGED,CC
135,290,54,MANAGED,CC
136,10,67,MANAGED,CC
136,66,56,MANAGED,CC
136,120,54,MANAGED,CC
136,180,60,MANAGED,CC
136,236,56,MANAGED,CC
136,290,54,MANAGED,CC
137,30,77,MANAGED,CC
137,100,70,MANAGED,CC
137,160,60,MANAGED,CC
137,220,60,MANAGED,CC
137,280,60,MANAGED,CC
138,30,87,MANAGED,CC
138,120,90,MANAGED,CC
138,208,88,MANAGED,CC
138,290,82,MANAGED,CC
139,50,97,MANAGED,CC
139,150,100,MANAGED,CC
139,250,100,MANAGED,CC
140,10,63,MANAGED,CC
140,70,60,MANAGED,CC
140,130,60,MANAGED,CC
140,190,60,MANAGED,CC
140,250,60,MANAGED,CC
141,4,61,MANAGED,CC
141,50,46,MANAGED,CC
141,110,60,MANAGED,CC
141,140,30,MANAGED,CC
141,180,40,MANAGED,CC
141,220,40,MANAGED,CC
141,260,40,MANAGED,CC
142,8,241,MANAGED,CC
142,70,62,MANAGED,CC
142,140,70,MANAGED,CC
142,208,68,MANAGED,CC
142,270,62,MANAGED,CC
143,4,311,MANAGED,CC
143,80,76,MANAGED,CC
143,160,80,MANAGED,CC
143,240,80,MANAGED,CC
144,8,365,MANAGED,CC
144,70,62,MANAGED,CC
144,140,70,MANAGED,CC
144,208,68,MANAGED,CC
144,270,62,MANAGED,CC
145,4,111,MANAGED,CC
145,90,86,MANAGED,CC
145,170,80,MANAGED,CC
145,260,90,MANAGED,CC
146,10,67,MANAGED,CC
146,66,56,MANAGED,CC
146,120,54,MANAGED,CC
146,180,60,MANAGED,CC
146,236,56,MANAGED,CC
146,290,54,MANAGED,CC
147,10,67,MANAGED,CC
147,70,60,MANAGED,CC
147,130,60,MANAGED,CC
147,190,60,MANAGED,CC
147,250,60,MANAGED,CC
148,30,77,MANAGED,CC
148,100,70,MANAGED,CC
148,160,60,MANAGED,CC
148,220,60,MANAGED,CC
148,280,60,MANAGED,CC
149,30,77,MANAGED,CC
149,100,70,MANAGED,CC
149,160,60,MANAGED,CC
149,220,60,MANAGED,CC
149,280,60,MANAGED,CC
150,4,91,MANAGED,CC
150,70,66,MANAGED,CC
150,140,70,MANAGED,CC
150,208,68,MANAGED,CC
150,270,62,MANAGED,CC
151,40,87,MANAGED,CC
151,100,60,MANAGED,CC
151,160,60,MANAGED,CC
151,220,60,MANAGED,CC
151,280,60,MANAGED,CC
152,10,57,MANAGED,CC
152,50,40,MANAGED,CC
152,80,30,MANAGED,CC
152,120,40,MANAGED,CC
152,170,50,MANAGED,CC
152,230,60,MANAGED,CC
152,270,40,MANAGED,CC
153,10,137,MANAGED,CC
153,70,60,MANAGED,CC
153,130,60,MANAGED,CC
153,190,60,MANAGED,CC
153,250,60,MANAGED,CC
154,4,71,MANAGED,CC
154,70,66,MANAGED,CC
154,130,60,MANAGED,CC
154,190,60,MANAGED,CC
154,250,60,MANAGED,CC
155,10,137,MANAGED,CC
155,90,80,MANAGED,CC
155,170,80,MANAGED,CC
155,250,80,MANAGED,CC
156,10,317,MANAGED,CC
156,80,70,MANAGED,CC
156,150,70,MANAGED,CC
156,220,70,MANAGED,CC
156,290,70,MANAGED,CC
157,10,367,MANAGED,CC
157,100,90,MANAGED,CC
157,190,90,MANAGED,CC
157,280,90,MANAGED,CC
158,4,361,MANAGED,CC
158,70,66,MANAGED,CC
158,140,70,MANAGED,CC
158,208,68,MANAGED,CC
158,270,62,MANAGED,CC
159,10,117,MANAGED,CC
159,80,70,MANAGED,CC
159,150,70,MANAGED,CC
159,220,70,MANAGED,CC
159,290,70,MANAGED,CC
160,10,287,MANAGED,CC
160,90,80,MANAGED,CC
160,170,80,MANAGED,CC
160,250,80,MANAGED,CC
161,10,137,MANAGED,CC
161,80,70,MANAGED,CC
161,150,70,MANAGED,CC
161,220,70,MANAGED,CC
161,290,70,MANAGED,CC
162,10,69,MANAGED,CC
162,66,56,MANAGED,CC
162,120,54,MANAGED,CC
162,180,60,MANAGED,CC
162,236,56,MANAGED,CC
162,290,54,MANAGED,CC
163,10,67,MANAGED,CC
163,70,60,MANAGED,CC
163,130,60,MANAGED,CC
163,190,60,MANAGED,CC
163,250,60,MANAGED,CC
164,10,117,MANAGED,CC
164,70,60,MANAGED,CC
164,130,60,MANAGED,CC
164,190,60,MANAGED,CC
164,250,60,MANAGED,CC
165,10,137,MANAGED,CC
165,106,96,MANAGED,CC
165,200,94,MANAGED,CC
165,295,95,MANAGED,CC
166,30,77,MANAGED,CC
166,98,68,MANAGED,CC
166,160,62,MANAGED,CC
166,228,68,MANAGED,CC
166,290,62,MANAGED,CC
167,10,67,MANAGED,CC
167,70,60,MANAGED,CC
167,130,60,MANAGED,CC
167,190,60,MANAGED,CC
167,250,60,MANAGED,CC
168,10,117,MANAGED,CC
168,70,60,MANAGED,CC
168,130,60,MANAGED,CC
168,190,60,MANAGED,CC
168,250,60,MANAGED,CC
169,10,67,MANAGED,CC
169,70,60,MANAGED,CC
169,130,60,MANAGED,CC
169,190,60,MANAGED,CC
169,250,60,MANAGED,CC
170,10,113,MANAGED,CC
170,70,60,MANAGED,CC
170,130,60,MANAGED,CC
170,190,60,MANAGED,CC
170,250,60,MANAGED,CC
171,10,317,MANAGED,CC
171,100,90,MANAGED,CC
171,190,90,MANAGED,CC
171,280,90,MANAGED,CC
172,10,257,MANAGED,CC
172,100,90,MANAGED,CC
172,190,90,MANAGED,CC
172,280,90,MANAGED,CC
173,4,181,MANAGED,CC
173,88,84,MANAGED,CC
173,170,82,MANAGED,CC
173,260,90,MANAGED,CC
174,8,315,MANAGED,CC
174,70,62,MANAGED,CC
174,140,70,MANAGED,CC
174,208,68,MANAGED,CC
174,270,62,MANAGED,CC
175,10,67,MANAGED,CC
175,66,56,MANAGED,CC
175,120,54,MANAGED,CC
175,180,60,MANAGED,CC
175,236,56,MANAGED,CC
175,290,54,MANAGED,CC
176,10,137,MANAGED,CC
176,70,60,MANAGED,CC
176,130,60,MANAGED,CC
176,190,60,MANAGED,CC
176,250,60,MANAGED,CC
177,4,131,MANAGED,CC
177,90,86,MANAGED,CC
177,170,80,MANAGED,CC
177,250,80,MANAGED,CC
178,10,67,MANAGED,CC
178,70,60,MANAGED,CC
178,130,60,MANAGED,CC
178,190,60,MANAGED,CC
178,250,60,MANAGED,CC
179,10,317,MANAGED,CC
179,100,90,MANAGED,CC
179,190,90,MANAGED,CC
179,280,90,MANAGED,CC
180,10,57,MANAGED,CC
180,50,40,MANAGED,CC
180,90,40,MANAGED,CC
180,120,30,MANAGED,CC
180,170,50,MANAGED,CC
180,220,50,MANAGED,CC
180,260,40,MANAGED,CC
181,30,87,MANAGED,CC
181,100,70,MANAGED,CC
181,160,60,MANAGED,CC
181,220,60,MANAGED,CC
181,280,60,MANAGED,CC
182,4,131,MANAGED,CC
182,70,66,MANAGED,CC
182,130,60,MANAGED,CC
182,190,60,MANAGED,CC
182,250,60,MANAGED,CC
183,30,77,MANAGED,CC
183,90,60,MANAGED,CC
183,150,60,MANAGED,CC
183,210,60,MANAGED,CC
183,270,60,MANAGED,CC
184,10,67,MANAGED,CC
184,70,60,MANAGED,CC
184,130,60,MANAGED,CC
184,190,60,MANAGED,CC
184,250,60,MANAGED,CC
185,30,67,MANAGED,CC
185,98,68,MANAGED,CC
185,160,62,MANAGED,CC
185,228,68,MANAGED,CC
185,290,62,MANAGED,CC
186,8,285,MANAGED,CC
186,70,62,MANAGED,CC
186,140,70,MANAGED,CC
186,208,68,MANAGED,CC
186,270,62,MANAGED,CC
187,10,87,MANAGED,CC
187,70,60,MANAGED,CC
187,130,60,MANAGED,CC
187,190,60,MANAGED,CC
187,250,60,MANAGED,CC
188,40,87,MANAGED,CC
188,100,60,MANAGED,CC
188,160,60,MANAGED,CC
188,220,60,MANAGED,CC
188,280,60,MANAGED,CC
189,30,77,MANAGED,CC
189,100,70,MANAGED,CC
189,160,60,MANAGED,CC
189,220,60,MANAGED,CC
189,280,60,MANAGED,CC
190,20,67,MANAGED,CC
190,80,60,MANAGED,CC
190,140,60,MANAGED,CC
190,200,60,MANAGED,CC
190,260,60,MANAGED,CC
191,20,77,MANAGED,CC
191,80,60,MANAGED,CC
191,140,60,MANAGED,CC
191,200,60,MANAGED,CC
191,260,60,MANAGED,CC
192,30,87,MANAGED,CC
192,100,70,MANAGED,CC
192,160,60,MANAGED,CC
192,220,60,MANAGED,CC
192,280,60,MANAGED,CC
193,10,67,MANAGED,CC
193,70,60,MANAGED,CC
193,130,60,MANAGED,CC
193,190,60,MANAGED,CC
193,250,60,MANAGED,CC
194,8,315,MANAGED,CC
194,70,62,MANAGED,CC
194,140,70,MANAGED,CC
194,208,68,MANAGED,CC
194,270,62,MANAGED,CC
195,8,365,MANAGED,CC
195,70,62,MANAGED,CC
195,140,70,MANAGED,CC
195,208,68,MANAGED,CC
195,270,62,MANAGED,CC
196,10,77,MANAGED,CC
196,66,56,MANAGED,CC
196,120,54,MANAGED,CC
196,180,60,MANAGED,CC
196,236,56,MANAGED,CC
196,290,54,MANAGED,CC
197,4,131,MANAGED,CC
197,70,66,MANAGED,CC
197,130,60,MANAGED,CC
197,200,70,MANAGED,CC
197,260,60,MANAGED,CC
198,50,97,MANAGED,CC
198,150,100,MANAGED,CC
198,250,100,MANAGED,CC
199,4,161,MANAGED,CC
199,70,66,MANAGED,CC
199,130,60,MANAGED,CC
199,190,60,MANAGED,CC
199,250,60,MANAGED,CC
200,8,245,MANAGED,CC
200,70,62,MANAGED,CC
200,140,70,MANAGED,CC
200,208,68,MANAGED,CC
200,270,62,MANAGED,CC
201,8,315,MANAGED,CC
201,70,62,MANAGED,CC
201,140,70,MANAGED,CC
201,208,68,MANAGED,CC
201,270,62,MANAGED,CC
202,20,77,MANAGED,CC
202,80,60,MANAGED,CC
202,140,60,MANAGED,CC
202,200,60,MANAGED,CC
202,260,60,MANAGED,CC
203,10,87,MANAGED,CC
203,70,60,MANAGED,CC
203,130,60,MANAGED,CC
203,190,60,MANAGED,CC
203,250,60,MANAGED,CC
204,10,67,MANAGED,CC
204,70,60,MANAGED,CC
204,130,60,MANAGED,CC
204,190,60,MANAGED,CC
204,250,60,MANAGED,CC
205,8,115,MANAGED,CC
205,90,82,MANAGED,CC
205,178,88,MANAGED,CC
205,260,82,MANAGED,CC
206,4,111,MANAGED,CC
206,80,76,MANAGED,CC
206,140,60,MANAGED,CC
206,200,60,MANAGED,CC
206,260,60,MANAGED,CC
207,20,77,MANAGED,CC
207,90,70,MANAGED,CC
207,150,60,MANAGED,CC
207,210,60,MANAGED,CC
207,270,60,MANAGED,CC
208,30,77,MANAGED,CC
208,90,60,MANAGED,CC
208,150,60,MANAGED,CC
208,210,60,MANAGED,CC
208,270,60,MANAGED,CC
209,4,311,MANAGED,CC
209,88,84,MANAGED,CC
209,170,82,MANAGED,CC
209,260,90,MANAGED,CC
210,4,131,MANAGED,CC
210,88,84,MANAGED,CC
210,170,82,MANAGED,CC
210,260,90,MANAGED,CC
211,10,137,MANAGED,CC
211,90,80,MANAGED,CC
211,170,80,MANAGED,CC
211,250,80,MANAGED,CC
212,4,81,MANAGED,CC
212,70,66,MANAGED,CC
212,130,60,MANAGED,CC
212,190,60,MANAGED,CC
212,250,60,MANAGED,CC
213,10,67,MANAGED,CC
213,70,60,MANAGED,CC
213,130,60,MANAGED,CC
213,190,60,MANAGED,CC
213,250,60,MANAGED,CC
214,10,367,MANAGED,CC
214,90,80,MANAGED,CC
214,170,80,MANAGED,CC
214,250,80,MANAGED,CC
215,8,285,MANAGED,CC
215,70,62,MANAGED,CC
215,140,70,MANAGED,CC
215,208,68,MANAGED,CC
215,270,62,MANAGED,CC
216,10,117,MANAGED,CC
216,70,60,MANAGED,CC
216,130,60,MANAGED,CC
216,190,60,MANAGED,CC
216,250,60,MANAGED,CC
217,20,77,MANAGED,CC
217,90,70,MANAGED,CC
217,160,70,MANAGED,CC
217,228,68,MANAGED,CC
217,290,62,MANAGED,CC
218,10,137,MANAGED,CC
218,90,80,MANAGED,CC
218,170,80,MANAGED,CC
218,250,80,MANAGED,CC
